Name,Email,Admin,Active,Groups
admin,,True,True,System Administrators
L1054129,L1054129@et.lab,True,True,System Administrators
L1072267,william.seall@ey.com,True,True,System Administrators
L1102037,bryan.belman@ey.com,True,True,System Administrators
L1114907,perry.lucas@ey.com,True,True,System Administrators
L1211070,,True,True,System Administrators
L1212486,,False,True,Automation
L1228057,,True,True,System Administrators
L1228071,,False,True,Automation
L18004232,,False,True,Automation
L2197618,,True,True,System Administrators
L2334192,,True,True,System Administrators
labmonitoring,,True,True,System Administrators
salvra,William.Seall@ey.com,False,True,Automation
t1072267,,False,True,Lab Users
tester1,jim.brannan@sbcglobal.net,False,True,Lab Users; Automation
V9999962,tomer.a@quali.com,False,True,Automation
V9999963,,True,True,System Administrators
V9999982,jim.b@quali.com,True,True,System Administrators
V9999999,,True,True,System Administrators
 
